INSERT INTO usuario(cod_registro, nombre, password,habilitado,correo) VALUES ('open123', 'David Villca','$2a$10$C3Uln5uqnzx/GswADURJGOIdBqYrly9731fnwKDaUdBkt/M3qvtLq',true, 'davp123.dh@gmail.com');
INSERT INTO usuario(cod_registro, nombre, password,habilitado,correo) VALUES ('open456', 'Kevin Vargas','$2a$10$C3Uln5uqnzx/GswADURJGOIdBqYrly9731fnwKDaUdBkt/M3qvtLq',true, 'vargaskevv@gmail.com');
INSERT INTO usuario(cod_registro, nombre, password,habilitado,correo) VALUES ('open789', 'Mijael Mijael','$2a$10$C3Uln5uqnzx/GswADURJGOIdBqYrly9731fnwKDaUdBkt/M3qvtLq',true, 'minjomc5@gmail.com');
INSERT INTO usuario(cod_registro, nombre, password,habilitado,correo) VALUES ('open321', 'Jorge Bustamante','$2a$10$C3Uln5uqnzx/GswADURJGOIdBqYrly9731fnwKDaUdBkt/M3qvtLq',true, 'JorgeBustamante868@gmail.com');
INSERT INTO usuario(cod_registro, nombre, password,habilitado,correo) VALUES ('open1', 'Marcelo Palma','$2a$10$C3Uln5uqnzx/GswADURJGOIdBqYrly9731fnwKDaUdBkt/M3qvtLq',true, 'marcelopalma@fcpn.edu.bo');
INSERT INTO usuario(cod_registro, nombre, password,habilitado,correo) VALUES ('open2', 'Marisol Tellez','$10$C3Uln5uqnzx/GswADURJGOIdBqYrly9731fnwKDaUdBkt/M3qvtLq',true, 'mtellez@umsa.bo');
INSERT INTO usuario(cod_registro, nombre, password,habilitado,correo) VALUES ('open3', 'Cayo Nina','$2a$10$C3Uln5uqnzx/GswADURJGOIdBqYrly9731fnwKDaUdBkt/M3qvtLq',true, 'CayoNina@gmail.com');
INSERT INTO usuario(cod_registro, nombre, password,habilitado,correo) VALUES ('open4', 'Carla Loza','$2a$10$C3Uln5uqnzx/GswADURJGOIdBqYrly9731fnwKDaUdBkt/M3qvtLq',true, 'CarlaLoza@gmail.com');
INSERT INTO usuario(cod_registro, nombre, password,habilitado,correo) VALUES ('open5', 'Adalid Limachi','$2a$10$C3Uln5uqnzx/GswADURJGOIdBqYrly9731fnwKDaUdBkt/M3qvtLq',true, 'AdalidLimachi@gmail.com');
INSERT INTO usuario(cod_registro, nombre, password,habilitado,correo) VALUES ('open6', 'Arnaldo Mendoza','$2a$10$C3Uln5uqnzx/GswADURJGOIdBqYrly9731fnwKDaUdBkt/M3qvtLq',true, 'ArnaldoMendoza@gmail.com');
INSERT INTO usuario(cod_registro, nombre, password,habilitado,correo) VALUES ('open7', 'benjamin Cruz','$2a$10$C3Uln5uqnzx/GswADURJGOIdBqYrly9731fnwKDaUdBkt/M3qvtLq',true, 'benjaminCruz@gmail.com');
INSERT INTO usuario(cod_registro, nombre, password,habilitado,correo) VALUES ('open8', 'Pamela Uruchi','$2a$10$C3Uln5uqnzx/GswADURJGOIdBqYrly9731fnwKDaUdBkt/M3qvtLq',true, 'PamelaUruchi@gmail.com');
INSERT INTO usuario(cod_registro, nombre, password,habilitado,correo) VALUES ('open9', 'Aldo Valdez','$2a$10$C3Uln5uqnzx/GswADURJGOIdBqYrly9731fnwKDaUdBkt/M3qvtLq',true, 'AldoValdez@gmail.com');
INSERT INTO usuario(cod_registro, nombre, password,habilitado,correo) VALUES ('open10', 'Memfi Morales','$2a$10$C3Uln5uqnzx/GswADURJGOIdBqYrly9731fnwKDaUdBkt/M3qvtLq',true, 'MemfiMorales@gmail.com');
INSERT INTO usuario(cod_registro, nombre, password,habilitado,correo) VALUES ('open11', 'Celia Tarquino','$2a$10$C3Uln5uqnzx/GswADURJGOIdBqYrly9731fnwKDaUdBkt/M3qvtLq',true, 'CeliaTarquino@gmail.com');
INSERT INTO usuario(cod_registro, nombre, password,habilitado,correo) VALUES ('open12', 'Moises Silva','$2a$10$C3Uln5uqnzx/GswADURJGOIdBqYrly9731fnwKDaUdBkt/M3qvtLq',true, 'MoisesSilva@gmail.com');
INSERT INTO usuario(cod_registro, nombre, password,habilitado,correo) VALUES ('open13', 'Rosa Flores','$2a$10$C3Uln5uqnzx/GswADURJGOIdBqYrly9731fnwKDaUdBkt/M3qvtLq',true, 'RosaFlores@gmail.com');
INSERT INTO usuario(cod_registro, nombre, password,habilitado,correo) VALUES ('open14', 'Juan Cayoja','$2a$10$C3Uln5uqnzx/GswADURJGOIdBqYrly9731fnwKDaUdBkt/M3qvtLq',true, 'JuanCayoja@gmail.com');
INSERT INTO rol(tipo) VALUES ('ROLE_ADMIN');
INSERT INTO rol(tipo) VALUES ('ROLE_COMMISSION');
INSERT INTO rol(tipo) VALUES ('ROLE_JURY');
INSERT INTO rol(tipo) VALUES ('ROLE_LEADER');
INSERT INTO rol(tipo) VALUES ('ROLE_LEADER_GROUP');

INSERT INTO usuario_rol(usuario_cod_registro, rol_id_rol) VALUES('open123',1);
INSERT INTO usuario_rol(usuario_cod_registro, rol_id_rol) VALUES('open1',1);
INSERT INTO usuario_rol(usuario_cod_registro, rol_id_rol) VALUES('open2',1);
INSERT INTO usuario_rol(usuario_cod_registro, rol_id_rol) VALUES('open456',1);
INSERT INTO usuario_rol(usuario_cod_registro, rol_id_rol) VALUES('open321',1);
INSERT INTO usuario_rol(usuario_cod_registro, rol_id_rol) VALUES('open789',1);
INSERT INTO usuario_rol(usuario_cod_registro, rol_id_rol) VALUES('open456',2);
INSERT INTO usuario_rol(usuario_cod_registro, rol_id_rol) VALUES('open123',3);

INSERT INTO usuario_rol(usuario_cod_registro, rol_id_rol) VALUES('open5',4);
INSERT INTO usuario_rol(usuario_cod_registro, rol_id_rol) VALUES('open2',4);
INSERT INTO usuario_rol(usuario_cod_registro, rol_id_rol) VALUES('open3',5);
INSERT INTO usuario_rol(usuario_cod_registro, rol_id_rol) VALUES('open4',5);

INSERT INTO participante(ci,contacto2,contacto3, foto, grado_academico,usuario_cod_registro) VALUES ('111111','github','linkedin','iamgen.png', 'Magister', 'open1');
INSERT INTO participante(ci,contacto2,contacto3, foto, grado_academico,usuario_cod_registro) VALUES ('222222','github','linkedin','iamgen.png', 'Doctora', 'open2');
INSERT INTO participante(ci,contacto2,contacto3, foto, grado_academico,usuario_cod_registro) VALUES ('333333','github','linkedin','iamgen.png', 'universitario', 'open3');
INSERT INTO participante(ci,contacto2,contacto3, foto, grado_academico,usuario_cod_registro) VALUES ('444444','github','linkedin','iamgen.png', 'universitario', 'open4');
INSERT INTO participante(ci,contacto2,contacto3, foto, grado_academico,usuario_cod_registro) VALUES ('555555','github','linkedin','iamgen.png', 'universitario', 'open5');
INSERT INTO participante(ci,contacto2,contacto3, foto, grado_academico,usuario_cod_registro) VALUES ('666666','github','linkedin','iamgen.png', 'Licenciado', 'open6');
INSERT INTO participante(ci,contacto2,contacto3, foto, grado_academico,usuario_cod_registro) VALUES ('777777','github','linkedin','iamgen.png', 'universitario', 'open7');
INSERT INTO participante(ci,contacto2,contacto3, foto, grado_academico,usuario_cod_registro) VALUES ('888888','github','linkedin','iamgen.png', 'universitario', 'open8');

INSERT INTO tipo_equipo(nombre) VALUES ('Grupo De Estudio');
INSERT INTO tipo_equipo(nombre) VALUES ('Materia');
INSERT INTO tipo_equipo(nombre) VALUES ('Sociedad Cientifica');
INSERT INTO tipo_equipo(nombre) VALUES ('III');
INSERT INTO tipo_equipo(nombre) VALUES ('Invitados');

INSERT INTO gestion(gestion, fecha_ini, fecha_fin, periodo,habilitado,estado) VALUES('2019', '2019/2/10', '2019/2/14','1',false,true);
INSERT INTO gestion(gestion, fecha_ini, fecha_fin, periodo,habilitado,estado) VALUES('2019', '2019/7/10', '2019/12/14','2',false,true);
INSERT INTO gestion(gestion, fecha_ini, fecha_fin, periodo,habilitado,estado) VALUES('2020', '2020/12/1', '2020/12/4','2',true,true);


INSERT INTO tipo_proyecto(nombre) VALUES ('Educacion y TICs'); 
INSERT INTO tipo_proyecto(nombre) VALUES ('Diseño y desarrollo de software');
INSERT INTO tipo_proyecto(nombre) VALUES ('Informática Teórica');
INSERT INTO tipo_proyecto(nombre) VALUES ('Inteligencia Artificial');
INSERT INTO tipo_proyecto(nombre) VALUES ('Simulación y Modelaje de Sistemas'); 
INSERT INTO tipo_proyecto(nombre) VALUES ('Robótica y Arduino'); 
INSERT INTO tipo_proyecto(nombre) VALUES ('VideoJuegos'); 
INSERT INTO tipo_proyecto(nombre) VALUES ('Desarrollo de aplicaciones móviles');
INSERT INTO tipo_proyecto(nombre) VALUES ('Otras relacionadas al área de la Informática'); 

INSERT INTO equipo(nombre, tipo_equipo_id, habilitado,encargado_cod_registro,gestion_id) VALUES ('wedevs',1,true,'open3',3);
INSERT INTO equipo(nombre, tipo_equipo_id, habilitado,encargado_cod_registro,gestion_id) VALUES ('Instituto Invest',4,true,'open1',3);
INSERT INTO equipo(nombre, tipo_equipo_id, habilitado,encargado_cod_registro,gestion_id) VALUES ('fullstack',1,true,'open3',3);

INSERT INTO proyecto(nombre, area, habilitado, equipo_id_equipo,banner,link_oficial,tipo_proyecto_id, problematica, objetivo_general,alcance,beneficiarios, valor_agregado,descripcion,vistas,objetivos_especificos,gestion_id) VALUES ('Design Thinking', 'feria', true,2,'banner2.jpg','https://www.youtube.com/embed/QUZrjnprVQU',1,'Lorem ipsum dolor sit amet, consectetur adipiscing elit.','Lorem ipsum dolor sit amet, consectetur adipiscing elit.','Lorem ipsum dolor sit amet, consectetur adipiscing elit.','Lorem ipsum dolor sit amet, consectetur adipiscing elit.','Lorem ipsum dolor sit amet, consectetur adipiscing elit.','Lorem ipsum dolor sit amet, consectetur adipiscing elit.',200,'objetivo1_objetivo2',3);
INSERT INTO proyecto(nombre, area, habilitado, equipo_id_equipo,banner,link_oficial,tipo_proyecto_id, problematica, objetivo_general,alcance,beneficiarios, valor_agregado,descripcion,vistas,objetivos_especificos,gestion_id) VALUES ('Backend con Go', 'feria', true,2,'banner2.jpg','https://www.youtube.com/embed/QUZrjnprVQU',2,'Lorem ipsum dolor sit amet, consectetur adipiscing elit.','Lorem ipsum dolor sit amet, consectetur adipiscing elit.','Lorem ipsum dolor sit amet, consectetur adipiscing elit.','Lorem ipsum dolor sit amet, consectetur adipiscing elit.','Lorem ipsum dolor sit amet, consectetur adipiscing elit.','Lorem ipsum dolor sit amet, consectetur adipiscing elit.',250,'objetivo1_objetivo2',3);
INSERT INTO proyecto(nombre, area, habilitado, equipo_id_equipo,banner,link_oficial,tipo_proyecto_id, problematica, objetivo_general,alcance,beneficiarios, valor_agregado,descripcion,vistas,objetivos_especificos,gestion_id) VALUES ('Carro a control remoto', 'feria', true,1,'banner2.jpg','https://www.youtube.com/embed/QUZrjnprVQU',6,'Lorem ipsum dolor sit amet, consectetur adipiscing elit.','Lorem ipsum dolor sit amet, consectetur adipiscing elit.','Lorem ipsum dolor sit amet, consectetur adipiscing elit.','Lorem ipsum dolor sit amet, consectetur adipiscing elit.','Lorem ipsum dolor sit amet, consectetur adipiscing elit.','Lorem ipsum dolor sit amet, consectetur adipiscing elit.',220,'objetivo1_objetivo2',3);
INSERT INTO proyecto(nombre, area, habilitado, equipo_id_equipo,banner,link_oficial,tipo_proyecto_id, problematica, objetivo_general,alcance,beneficiarios, valor_agregado,descripcion,vistas,objetivos_especificos,gestion_id) VALUES ('telemedicina con IOT', 'concurso',true,1,'banner2.jpg','https://www.youtube.com/embed/QUZrjnprVQU',6,'Lorem ipsum dolor sit amet, consectetur adipiscing elit.','Lorem ipsum dolor sit amet, consectetur adipiscing elit.','Lorem ipsum dolor sit amet, consectetur adipiscing elit.','Lorem ipsum dolor sit amet, consectetur adipiscing elit.','Lorem ipsum dolor sit amet, consectetur adipiscing elit.','Lorem ipsum dolor sit amet, consectetur adipiscing elit.',80,'objetivo1_objetivo2',3);
INSERT INTO proyecto(nombre, area, habilitado, equipo_id_equipo,banner,link_oficial,tipo_proyecto_id, problematica, objetivo_general,alcance,beneficiarios, valor_agregado,descripcion,vistas,objetivos_especificos,gestion_id) VALUES ('Rastreador de COVID', 'concurso', true,1,'banner2.jpg','https://www.youtube.com/embed/QUZrjnprVQU',9,'Lorem ipsum dolor sit amet, consectetur adipiscing elit.','Lorem ipsum dolor sit amet, consectetur adipiscing elit.','Lorem ipsum dolor sit amet, consectetur adipiscing elit.','Lorem ipsum dolor sit amet, consectetur adipiscing elit.','Lorem ipsum dolor sit amet, consectetur adipiscing elit.','Lorem ipsum dolor sit amet, consectetur adipiscing elit.',190,'objetivo1_objetivo2',3);
INSERT INTO proyecto(nombre, area, habilitado, equipo_id_equipo,banner,link_oficial,tipo_proyecto_id, problematica, objetivo_general,alcance,beneficiarios, valor_agregado,descripcion,vistas,objetivos_especificos,gestion_id) VALUES ('Raspado web para Ecommerce', 'feria', true,2,'banner2.jpg','https://www.youtube.com/embed/QUZrjnprVQU',2,'Lorem ipsum dolor sit amet, consectetur adipiscing elit.','Lorem ipsum dolor sit amet, consectetur adipiscing elit.','Lorem ipsum dolor sit amet, consectetur adipiscing elit.','Lorem ipsum dolor sit amet, consectetur adipiscing elit.','Lorem ipsum dolor sit amet, consectetur adipiscing elit.','Lorem ipsum dolor sit amet, consectetur adipiscing elit.',150,'objetivo1_objetivo2',3);
INSERT INTO proyecto(nombre, area, habilitado, equipo_id_equipo,banner,link_oficial,tipo_proyecto_id, problematica, objetivo_general,alcance,beneficiarios, valor_agregado,descripcion,vistas,objetivos_especificos,gestion_id) VALUES ('Bolivia segura', 'feria', true,2,'banner2.jpg','https://www.youtube.com/embed/QUZrjnprVQU',1,'Lorem ipsum dolor sit amet, consectetur adipiscing elit.','Lorem ipsum dolor sit amet, consectetur adipiscing elit.','Lorem ipsum dolor sit amet, consectetur adipiscing elit.','Lorem ipsum dolor sit amet, consectetur adipiscing elit.','Lorem ipsum dolor sit amet, consectetur adipiscing elit.','Lorem ipsum dolor sit amet, consectetur adipiscing elit.',250,'objetivo1_objetivo2',3);
INSERT INTO proyecto(nombre, area, habilitado, equipo_id_equipo,banner,link_oficial,tipo_proyecto_id, problematica, objetivo_general,alcance,beneficiarios, valor_agregado,descripcion,vistas,objetivos_especificos,gestion_id) VALUES ('Modelo de diseño UX', 'feria', true,1,'banner2.jpg','https://www.youtube.com/embed/QUZrjnprVQU',3,'Lorem ipsum dolor sit amet, consectetur adipiscing elit.','Lorem ipsum dolor sit amet, consectetur adipiscing elit.','Lorem ipsum dolor sit amet, consectetur adipiscing elit.','Lorem ipsum dolor sit amet, consectetur adipiscing elit.','Lorem ipsum dolor sit amet, consectetur adipiscing elit.','Lorem ipsum dolor sit amet, consectetur adipiscing elit.',11,'objetivo1_objetivo2',3);
INSERT INTO proyecto(nombre, area, habilitado, equipo_id_equipo,banner,link_oficial,tipo_proyecto_id, problematica, objetivo_general,alcance,beneficiarios, valor_agregado,descripcion,vistas,objetivos_especificos,gestion_id) VALUES ('Redes neuronales para aprendizaje de idiomas', 'concurso',true,2,'banner2.jpg','https://www.youtube.com/embed/QUZrjnprVQU',4,'Lorem ipsum dolor sit amet, consectetur adipiscing elit.','Lorem ipsum dolor sit amet, consectetur adipiscing elit.','Lorem ipsum dolor sit amet, consectetur adipiscing elit.','Lorem ipsum dolor sit amet, consectetur adipiscing elit.','Lorem ipsum dolor sit amet, consectetur adipiscing elit.','Lorem ipsum dolor sit amet, consectetur adipiscing elit.',75,'objetivo1_objetivo2',3);
INSERT INTO proyecto(nombre, area, habilitado, equipo_id_equipo,banner,link_oficial,tipo_proyecto_id, problematica, objetivo_general,alcance,beneficiarios, valor_agregado,descripcion,vistas,objetivos_especificos,gestion_id) VALUES ('Juego Realidad virtual para turismo', 'concurso', true,1,'banner2.jpg','https://www.youtube.com/embed/QUZrjnprVQU',7,'Lorem ipsum dolor sit amet, consectetur adipiscing elit.','Lorem ipsum dolor sit amet, consectetur adipiscing elit.','Lorem ipsum dolor sit amet, consectetur adipiscing elit.','Lorem ipsum dolor sit amet, consectetur adipiscing elit.','Lorem ipsum dolor sit amet, consectetur adipiscing elit.','Lorem ipsum dolor sit amet, consectetur adipiscing elit.',25,'objetivo1_objetivo2',3);
INSERT INTO proyecto(nombre, area, habilitado, equipo_id_equipo,banner,link_oficial,tipo_proyecto_id, problematica, objetivo_general,alcance,beneficiarios, valor_agregado,descripcion,vistas,objetivos_especificos,gestion_id) VALUES ('Software para inventarios', 'concurso', true,1,'banner2.jpg','https://www.youtube.com/embed/QUZrjnprVQU',2,'Lorem ipsum dolor sit amet, consectetur adipiscing elit.','Lorem ipsum dolor sit amet, consectetur adipiscing elit.','Lorem ipsum dolor sit amet, consectetur adipiscing elit.','Lorem ipsum dolor sit amet, consectetur adipiscing elit.','Lorem ipsum dolor sit amet, consectetur adipiscing elit.','Lorem ipsum dolor sit amet, consectetur adipiscing elit.',25,'objetivo1_objetivo2',3);
INSERT INTO proyecto(nombre, area, habilitado, equipo_id_equipo,banner,link_oficial,tipo_proyecto_id, problematica, objetivo_general,alcance,beneficiarios, valor_agregado,descripcion,vistas,objetivos_especificos,gestion_id) VALUES ('software Raspador web para datos de e commerce', 'feria', true,1,'banner2.jpg','https://www.youtube.com/embed/QUZrjnprVQU',2,'Lorem ipsum dolor sit amet, consectetur adipiscing elit.','Lorem ipsum dolor sit amet, consectetur adipiscing elit.','Lorem ipsum dolor sit amet, consectetur adipiscing elit.','Lorem ipsum dolor sit amet, consectetur adipiscing elit.','Lorem ipsum dolor sit amet, consectetur adipiscing elit.','Lorem ipsum dolor sit amet, consectetur adipiscing elit.',25,'objetivo1_objetivo2',3);
INSERT INTO proyecto(nombre, area, habilitado, equipo_id_equipo,banner,link_oficial,tipo_proyecto_id, problematica, objetivo_general,alcance,beneficiarios, valor_agregado,descripcion,vistas,objetivos_especificos,gestion_id) VALUES ('Modelo de automatas con R', 'concurso', true,1,'banner2.jpg','https://www.youtube.com/embed/QUZrjnprVQU',3,'Lorem ipsum dolor sit amet, consectetur adipiscing elit.','Lorem ipsum dolor sit amet, consectetur adipiscing elit.','Lorem ipsum dolor sit amet, consectetur adipiscing elit.','Lorem ipsum dolor sit amet, consectetur adipiscing elit.','Lorem ipsum dolor sit amet, consectetur adipiscing elit.','Lorem ipsum dolor sit amet, consectetur adipiscing elit.',25,'objetivo1_objetivo2',3);
INSERT INTO proyecto(nombre, area, habilitado, equipo_id_equipo,banner,link_oficial,tipo_proyecto_id, problematica, objetivo_general,alcance,beneficiarios, valor_agregado,descripcion,vistas,objetivos_especificos,gestion_id) VALUES ('Logica difusa para sistemas de informacion', 'feria', true,1,'banner2.jpg','https://www.youtube.com/embed/QUZrjnprVQU',3,'Lorem ipsum dolor sit amet, consectetur adipiscing elit.','Lorem ipsum dolor sit amet, consectetur adipiscing elit.','Lorem ipsum dolor sit amet, consectetur adipiscing elit.','Lorem ipsum dolor sit amet, consectetur adipiscing elit.','Lorem ipsum dolor sit amet, consectetur adipiscing elit.','Lorem ipsum dolor sit amet, consectetur adipiscing elit.',25,'objetivo1_objetivo2',3);
INSERT INTO proyecto(nombre, area, habilitado, equipo_id_equipo,banner,link_oficial,tipo_proyecto_id, problematica, objetivo_general,alcance,beneficiarios, valor_agregado,descripcion,vistas,objetivos_especificos,gestion_id) VALUES ('Automatic Data Science con ML', 'concurso', true,1,'banner2.jpg','https://www.youtube.com/embed/QUZrjnprVQU',4,'Lorem ipsum dolor sit amet, consectetur adipiscing elit.','Lorem ipsum dolor sit amet, consectetur adipiscing elit.','Lorem ipsum dolor sit amet, consectetur adipiscing elit.','Lorem ipsum dolor sit amet, consectetur adipiscing elit.','Lorem ipsum dolor sit amet, consectetur adipiscing elit.','Lorem ipsum dolor sit amet, consectetur adipiscing elit.',25,'objetivo1_objetivo2',3);
INSERT INTO proyecto(nombre, area, habilitado, equipo_id_equipo,banner,link_oficial,tipo_proyecto_id, problematica, objetivo_general,alcance,beneficiarios, valor_agregado,descripcion,vistas,objetivos_especificos,gestion_id) VALUES ('Detector facial de emociones', 'feria', true,1,'banner2.jpg','https://www.youtube.com/embed/QUZrjnprVQU',4,'Lorem ipsum dolor sit amet, consectetur adipiscing elit.','Lorem ipsum dolor sit amet, consectetur adipiscing elit.','Lorem ipsum dolor sit amet, consectetur adipiscing elit.','Lorem ipsum dolor sit amet, consectetur adipiscing elit.','Lorem ipsum dolor sit amet, consectetur adipiscing elit.','Lorem ipsum dolor sit amet, consectetur adipiscing elit.',25,'objetivo1_objetivo2',3);
INSERT INTO proyecto(nombre, area, habilitado, equipo_id_equipo,banner,link_oficial,tipo_proyecto_id, problematica, objetivo_general,alcance,beneficiarios, valor_agregado,descripcion,vistas,objetivos_especificos,gestion_id) VALUES ('Modelo de votacion para elecciones', 'concurso', true,1,'banner2.jpg','https://www.youtube.com/embed/QUZrjnprVQU',5,'Lorem ipsum dolor sit amet, consectetur adipiscing elit.','Lorem ipsum dolor sit amet, consectetur adipiscing elit.','Lorem ipsum dolor sit amet, consectetur adipiscing elit.','Lorem ipsum dolor sit amet, consectetur adipiscing elit.','Lorem ipsum dolor sit amet, consectetur adipiscing elit.','Lorem ipsum dolor sit amet, consectetur adipiscing elit.',25,'objetivo1_objetivo2',3);
INSERT INTO proyecto(nombre, area, habilitado, equipo_id_equipo,banner,link_oficial,tipo_proyecto_id, problematica, objetivo_general,alcance,beneficiarios, valor_agregado,descripcion,vistas,objetivos_especificos,gestion_id) VALUES ('Simulacion de control de pandemias', 'feria', true,1,'banner2.jpg','https://www.youtube.com/embed/QUZrjnprVQU',5,'Lorem ipsum dolor sit amet, consectetur adipiscing elit.','Lorem ipsum dolor sit amet, consectetur adipiscing elit.','Lorem ipsum dolor sit amet, consectetur adipiscing elit.','Lorem ipsum dolor sit amet, consectetur adipiscing elit.','Lorem ipsum dolor sit amet, consectetur adipiscing elit.','Lorem ipsum dolor sit amet, consectetur adipiscing elit.',25,'objetivo1_objetivo2',3);
INSERT INTO proyecto(nombre, area, habilitado, equipo_id_equipo,banner,link_oficial,tipo_proyecto_id, problematica, objetivo_general,alcance,beneficiarios, valor_agregado,descripcion,vistas,objetivos_especificos,gestion_id) VALUES ('Control de Cerraduras con Node MCU', 'concurso', true,1,'banner2.jpg','https://www.youtube.com/embed/QUZrjnprVQU',6,'Lorem ipsum dolor sit amet, consectetur adipiscing elit.','Lorem ipsum dolor sit amet, consectetur adipiscing elit.','Lorem ipsum dolor sit amet, consectetur adipiscing elit.','Lorem ipsum dolor sit amet, consectetur adipiscing elit.','Lorem ipsum dolor sit amet, consectetur adipiscing elit.','Lorem ipsum dolor sit amet, consectetur adipiscing elit.',25,'objetivo1_objetivo2',3);
INSERT INTO proyecto(nombre, area, habilitado, equipo_id_equipo,banner,link_oficial,tipo_proyecto_id, problematica, objetivo_general,alcance,beneficiarios, valor_agregado,descripcion,vistas,objetivos_especificos,gestion_id) VALUES ('Detector de movimiento con Arduino', 'feria', true,1,'banner2.jpg','https://www.youtube.com/embed/QUZrjnprVQU',6,'Lorem ipsum dolor sit amet, consectetur adipiscing elit.','Lorem ipsum dolor sit amet, consectetur adipiscing elit.','Lorem ipsum dolor sit amet, consectetur adipiscing elit.','Lorem ipsum dolor sit amet, consectetur adipiscing elit.','Lorem ipsum dolor sit amet, consectetur adipiscing elit.','Lorem ipsum dolor sit amet, consectetur adipiscing elit.',25,'objetivo1_objetivo2',3);
INSERT INTO proyecto(nombre, area, habilitado, equipo_id_equipo,banner,link_oficial,tipo_proyecto_id, problematica, objetivo_general,alcance,beneficiarios, valor_agregado,descripcion,vistas,objetivos_especificos,gestion_id) VALUES ('Kings Run', 'concurso', true,1,'banner2.jpg','https://www.youtube.com/embed/QUZrjnprVQU',7,'Lorem ipsum dolor sit amet, consectetur adipiscing elit.','Lorem ipsum dolor sit amet, consectetur adipiscing elit.','Lorem ipsum dolor sit amet, consectetur adipiscing elit.','Lorem ipsum dolor sit amet, consectetur adipiscing elit.','Lorem ipsum dolor sit amet, consectetur adipiscing elit.','Lorem ipsum dolor sit amet, consectetur adipiscing elit.',25,'objetivo1_objetivo2',3);
INSERT INTO proyecto(nombre, area, habilitado, equipo_id_equipo,banner,link_oficial,tipo_proyecto_id, problematica, objetivo_general,alcance,beneficiarios, valor_agregado,descripcion,vistas,objetivos_especificos,gestion_id) VALUES ('Soccer VR', 'feria', true,1,'banner2.jpg','https://www.youtube.com/embed/QUZrjnprVQU',7,'Lorem ipsum dolor sit amet, consectetur adipiscing elit.','Lorem ipsum dolor sit amet, consectetur adipiscing elit.','Lorem ipsum dolor sit amet, consectetur adipiscing elit.','Lorem ipsum dolor sit amet, consectetur adipiscing elit.','Lorem ipsum dolor sit amet, consectetur adipiscing elit.','Lorem ipsum dolor sit amet, consectetur adipiscing elit.',25,'objetivo1_objetivo2',3);
INSERT INTO proyecto(nombre, area, habilitado, equipo_id_equipo,banner,link_oficial,tipo_proyecto_id, problematica, objetivo_general,alcance,beneficiarios, valor_agregado,descripcion,vistas,objetivos_especificos,gestion_id) VALUES ('App reserva de locales', 'concurso', true,1,'banner2.jpg','https://www.youtube.com/embed/QUZrjnprVQU',8,'Lorem ipsum dolor sit amet, consectetur adipiscing elit.','Lorem ipsum dolor sit amet, consectetur adipiscing elit.','Lorem ipsum dolor sit amet, consectetur adipiscing elit.','Lorem ipsum dolor sit amet, consectetur adipiscing elit.','Lorem ipsum dolor sit amet, consectetur adipiscing elit.','Lorem ipsum dolor sit amet, consectetur adipiscing elit.',25,'objetivo1_objetivo2',3);
INSERT INTO proyecto(nombre, area, habilitado, equipo_id_equipo,banner,link_oficial,tipo_proyecto_id, problematica, objetivo_general,alcance,beneficiarios, valor_agregado,descripcion,vistas,objetivos_especificos,gestion_id) VALUES ('Biblioteca de recetas fit', 'feria', true,1,'banner2.jpg','https://www.youtube.com/embed/QUZrjnprVQU',8,'Lorem ipsum dolor sit amet, consectetur adipiscing elit.','Lorem ipsum dolor sit amet, consectetur adipiscing elit.','Lorem ipsum dolor sit amet, consectetur adipiscing elit.','Lorem ipsum dolor sit amet, consectetur adipiscing elit.','Lorem ipsum dolor sit amet, consectetur adipiscing elit.','Lorem ipsum dolor sit amet, consectetur adipiscing elit.',25,'objetivo1_objetivo2',3);
INSERT INTO proyecto(nombre, area, habilitado, equipo_id_equipo,banner,link_oficial,tipo_proyecto_id, problematica, objetivo_general,alcance,beneficiarios, valor_agregado,descripcion,vistas,objetivos_especificos,gestion_id) VALUES ('Herramientas tics para trabajo remoto', 'concurso', true,1,'banner2.jpg','https://www.youtube.com/embed/QUZrjnprVQU',9,'Lorem ipsum dolor sit amet, consectetur adipiscing elit.','Lorem ipsum dolor sit amet, consectetur adipiscing elit.','Lorem ipsum dolor sit amet, consectetur adipiscing elit.','Lorem ipsum dolor sit amet, consectetur adipiscing elit.','Lorem ipsum dolor sit amet, consectetur adipiscing elit.','Lorem ipsum dolor sit amet, consectetur adipiscing elit.',25,'objetivo1_objetivo2',3);
INSERT INTO proyecto(nombre, area, habilitado, equipo_id_equipo,banner,link_oficial,tipo_proyecto_id, problematica, objetivo_general,alcance,beneficiarios, valor_agregado,descripcion,vistas,objetivos_especificos,gestion_id) VALUES ('Formula para calidad de algoritmos de control', 'feria', true,1,'banner2.jpg','https://www.youtube.com/embed/QUZrjnprVQU',9,'Lorem ipsum dolor sit amet, consectetur adipiscing elit.','Lorem ipsum dolor sit amet, consectetur adipiscing elit.','Lorem ipsum dolor sit amet, consectetur adipiscing elit.','Lorem ipsum dolor sit amet, consectetur adipiscing elit.','Lorem ipsum dolor sit amet, consectetur adipiscing elit.','Lorem ipsum dolor sit amet, consectetur adipiscing elit.',25,'objetivo1_objetivo2',3);

INSERT INTO participante_proyecto(proyecto_id, participante_id,representante) VALUES (1,1,true);
INSERT INTO participante_proyecto(proyecto_id, participante_id,representante) VALUES (1,3,false);
INSERT INTO participante_proyecto(proyecto_id, participante_id,representante) VALUES (1,4,false);
INSERT INTO participante_proyecto(proyecto_id, participante_id,representante) VALUES (1,5,false);
INSERT INTO participante_proyecto(proyecto_id, participante_id,representante) VALUES (1,7,false);
INSERT INTO participante_proyecto(proyecto_id, participante_id,representante) VALUES (2,1,true);
INSERT INTO participante_proyecto(proyecto_id, participante_id,representante) VALUES (2,2,false);
INSERT INTO participante_proyecto(proyecto_id, participante_id,representante) VALUES (2,3,false);
INSERT INTO participante_proyecto(proyecto_id, participante_id,representante) VALUES (2,4,false);
INSERT INTO participante_proyecto(proyecto_id, participante_id,representante) VALUES (2,5,false);
INSERT INTO participante_proyecto(proyecto_id, participante_id,representante) VALUES (3,3,true);
INSERT INTO participante_proyecto(proyecto_id, participante_id,representante) VALUES (3,2,false);
INSERT INTO participante_proyecto(proyecto_id, participante_id,representante) VALUES (3,6,false);
INSERT INTO participante_proyecto(proyecto_id, participante_id,representante) VALUES (3,7,false);
INSERT INTO participante_proyecto(proyecto_id, participante_id,representante) VALUES (3,8,false);
INSERT INTO participante_proyecto(proyecto_id, participante_id,representante) VALUES (4,4,false);
INSERT INTO participante_proyecto(proyecto_id, participante_id,representante) VALUES (4,7,true);
INSERT INTO participante_proyecto(proyecto_id, participante_id,representante) VALUES (4,8,false);
INSERT INTO participante_proyecto(proyecto_id, participante_id,representante) VALUES (4,1,false);
INSERT INTO participante_proyecto(proyecto_id, participante_id,representante) VALUES (4,2,false);
INSERT INTO participante_proyecto(proyecto_id, participante_id,representante) VALUES (5,4,false);
INSERT INTO participante_proyecto(proyecto_id, participante_id,representante) VALUES (5,7,true);
INSERT INTO participante_proyecto(proyecto_id, participante_id,representante) VALUES (5,8,false);
INSERT INTO participante_proyecto(proyecto_id, participante_id,representante) VALUES (5,1,false);
INSERT INTO participante_proyecto(proyecto_id, participante_id,representante) VALUES (5,2,false);
INSERT INTO participante_proyecto(proyecto_id, participante_id,representante) VALUES (6,3,true);
INSERT INTO participante_proyecto(proyecto_id, participante_id,representante) VALUES (6,2,false);
INSERT INTO participante_proyecto(proyecto_id, participante_id,representante) VALUES (6,6,false);
INSERT INTO participante_proyecto(proyecto_id, participante_id,representante) VALUES (6,7,false);
INSERT INTO participante_proyecto(proyecto_id, participante_id,representante) VALUES (6,8,false);
INSERT INTO participante_proyecto(proyecto_id, participante_id,representante) VALUES (7,4,false);
INSERT INTO participante_proyecto(proyecto_id, participante_id,representante) VALUES (7,7,true);
INSERT INTO participante_proyecto(proyecto_id, participante_id,representante) VALUES (7,8,false);
INSERT INTO participante_proyecto(proyecto_id, participante_id,representante) VALUES (7,1,false);
INSERT INTO participante_proyecto(proyecto_id, participante_id,representante) VALUES (7,2,false);
INSERT INTO participante_proyecto(proyecto_id, participante_id,representante) VALUES (8,1,true);
INSERT INTO participante_proyecto(proyecto_id, participante_id,representante) VALUES (8,2,false);
INSERT INTO participante_proyecto(proyecto_id, participante_id,representante) VALUES (8,3,false);
INSERT INTO participante_proyecto(proyecto_id, participante_id,representante) VALUES (8,4,false);
INSERT INTO participante_proyecto(proyecto_id, participante_id,representante) VALUES (8,5,false);
INSERT INTO participante_proyecto(proyecto_id, participante_id,representante) VALUES (9,4,true);
INSERT INTO participante_proyecto(proyecto_id, participante_id,representante) VALUES (9,6,false);
INSERT INTO participante_proyecto(proyecto_id, participante_id,representante) VALUES (9,7,false);
INSERT INTO participante_proyecto(proyecto_id, participante_id,representante) VALUES (9,2,false);
INSERT INTO participante_proyecto(proyecto_id, participante_id,representante) VALUES (10,8,true);
INSERT INTO participante_proyecto(proyecto_id, participante_id,representante) VALUES (10,7,false);
INSERT INTO participante_proyecto(proyecto_id, participante_id,representante) VALUES (10,6,false);
INSERT INTO participante_proyecto(proyecto_id, participante_id,representante) VALUES (10,5,false);
INSERT INTO participante_proyecto(proyecto_id, participante_id,representante) VALUES (11,4,true);
INSERT INTO participante_proyecto(proyecto_id, participante_id,representante) VALUES (11,6,false);
INSERT INTO participante_proyecto(proyecto_id, participante_id,representante) VALUES (11,7,false);
INSERT INTO participante_proyecto(proyecto_id, participante_id,representante) VALUES (11,2,false);
INSERT INTO participante_proyecto(proyecto_id, participante_id,representante) VALUES (12,2,true);
INSERT INTO participante_proyecto(proyecto_id, participante_id,representante) VALUES (12,1,false);
INSERT INTO participante_proyecto(proyecto_id, participante_id,representante) VALUES (12,7,false);
INSERT INTO participante_proyecto(proyecto_id, participante_id,representante) VALUES (12,8,false);
INSERT INTO participante_proyecto(proyecto_id, participante_id,representante) VALUES (13,4,true);
INSERT INTO participante_proyecto(proyecto_id, participante_id,representante) VALUES (13,6,false);
INSERT INTO participante_proyecto(proyecto_id, participante_id,representante) VALUES (13,7,false);
INSERT INTO participante_proyecto(proyecto_id, participante_id,representante) VALUES (13,2,false);
INSERT INTO participante_proyecto(proyecto_id, participante_id,representante) VALUES (14,1,true);
INSERT INTO participante_proyecto(proyecto_id, participante_id,representante) VALUES (14,2,false);
INSERT INTO participante_proyecto(proyecto_id, participante_id,representante) VALUES (14,3,false);
INSERT INTO participante_proyecto(proyecto_id, participante_id,representante) VALUES (14,4,false);
INSERT INTO participante_proyecto(proyecto_id, participante_id,representante) VALUES (15,5,true);
INSERT INTO participante_proyecto(proyecto_id, participante_id,representante) VALUES (15,6,false);
INSERT INTO participante_proyecto(proyecto_id, participante_id,representante) VALUES (15,7,false);
INSERT INTO participante_proyecto(proyecto_id, participante_id,representante) VALUES (15,8,false);
INSERT INTO participante_proyecto(proyecto_id, participante_id,representante) VALUES (16,5,true);
INSERT INTO participante_proyecto(proyecto_id, participante_id,representante) VALUES (16,6,false);
INSERT INTO participante_proyecto(proyecto_id, participante_id,representante) VALUES (16,7,false);
INSERT INTO participante_proyecto(proyecto_id, participante_id,representante) VALUES (17,5,true);
INSERT INTO participante_proyecto(proyecto_id, participante_id,representante) VALUES (17,6,false);
INSERT INTO participante_proyecto(proyecto_id, participante_id,representante) VALUES (17,7,false);
INSERT INTO participante_proyecto(proyecto_id, participante_id,representante) VALUES (18,4,true);
INSERT INTO participante_proyecto(proyecto_id, participante_id,representante) VALUES (18,2,false);
INSERT INTO participante_proyecto(proyecto_id, participante_id,representante) VALUES (18,8,false);
INSERT INTO participante_proyecto(proyecto_id, participante_id,representante) VALUES (19,1,true);
INSERT INTO participante_proyecto(proyecto_id, participante_id,representante) VALUES (19,3,false);
INSERT INTO participante_proyecto(proyecto_id, participante_id,representante) VALUES (19,4,false);
INSERT INTO participante_proyecto(proyecto_id, participante_id,representante) VALUES (20,7,true);
INSERT INTO participante_proyecto(proyecto_id, participante_id,representante) VALUES (20,1,false);
INSERT INTO participante_proyecto(proyecto_id, participante_id,representante) VALUES (21,3,true);
INSERT INTO participante_proyecto(proyecto_id, participante_id,representante) VALUES (21,5,false);
INSERT INTO participante_proyecto(proyecto_id, participante_id,representante) VALUES (22,2,true);
INSERT INTO participante_proyecto(proyecto_id, participante_id,representante) VALUES (22,4,false);
INSERT INTO participante_proyecto(proyecto_id, participante_id,representante) VALUES (23,1,false);
INSERT INTO participante_proyecto(proyecto_id, participante_id,representante) VALUES (24,2,false);
INSERT INTO participante_proyecto(proyecto_id, participante_id,representante) VALUES (25,3,false);

INSERT INTO jurado(grado_academico,telefono,usuario_cod_registro) VALUES ('Lic.','77777777','open9');
INSERT INTO jurado(grado_academico,telefono,usuario_cod_registro) VALUES ('Lic.','77777777','open10');
INSERT INTO jurado(grado_academico,telefono,usuario_cod_registro) VALUES ('Lic.','77777777','open11');
INSERT INTO jurado(grado_academico,telefono,usuario_cod_registro) VALUES ('Lic.','77777777','open12');
INSERT INTO jurado(grado_academico,telefono,usuario_cod_registro) VALUES ('Lic.','77777777','open13');
INSERT INTO jurado(grado_academico,telefono,usuario_cod_registro) VALUES ('Lic.','77777777','open14');

INSERT INTO jurado_proyectos(jurado_id, proyecto_id, innovacion,impacto,funcionalidad,ux,presentacion) VALUES (1,4,12.5,15,19.8,13,11.9);
INSERT INTO jurado_proyectos(jurado_id, proyecto_id, innovacion,impacto,funcionalidad,ux,presentacion) VALUES (2,5,14.5,16.4,11.7,17,14.8);
INSERT INTO jurado_proyectos(jurado_id, proyecto_id, innovacion,impacto,funcionalidad,ux,presentacion) VALUES (3,4,17.5,13,15.3,12.1,4.3);
INSERT INTO jurado_proyectos(jurado_id, proyecto_id, innovacion,impacto,funcionalidad,ux,presentacion) VALUES (4,5,8.3,20,9.9,3.3,14.3);
INSERT INTO jurado_proyectos(jurado_id, proyecto_id, innovacion,impacto,funcionalidad,ux,presentacion) VALUES (5,9,12.5,16,20,12.4,9);
INSERT INTO jurado_proyectos(jurado_id, proyecto_id, innovacion,impacto,funcionalidad,ux,presentacion) VALUES (6,10,12.5,14,15,17.7,15);

INSERT INTO jurado_proyectos(jurado_id, proyecto_id, innovacion,impacto,funcionalidad,ux,presentacion) VALUES (1,25,12.5,15,19.8,13,11.9);
INSERT INTO jurado_proyectos(jurado_id, proyecto_id, innovacion,impacto,funcionalidad,ux,presentacion) VALUES (2,23,14.5,16.4,11.7,17,14.8);
INSERT INTO jurado_proyectos(jurado_id, proyecto_id, innovacion,impacto,funcionalidad,ux,presentacion) VALUES (3,21,17.5,13,15.3,12.1,4.3);
INSERT INTO jurado_proyectos(jurado_id, proyecto_id, innovacion,impacto,funcionalidad,ux,presentacion) VALUES (4,11,8.3,20,9.9,3.3,14.3);
INSERT INTO jurado_proyectos(jurado_id, proyecto_id, innovacion,impacto,funcionalidad,ux,presentacion) VALUES (5,15,12.5,16,20,12.4,9);
INSERT INTO jurado_proyectos(jurado_id, proyecto_id, innovacion,impacto,funcionalidad,ux,presentacion) VALUES (6,19,12.5,14,15,17.7,15);

INSERT INTO jurado_proyectos(jurado_id, proyecto_id, innovacion,impacto,funcionalidad,ux,presentacion) VALUES (1,19,12.5,15,19.8,13,11.9);
INSERT INTO jurado_proyectos(jurado_id, proyecto_id, innovacion,impacto,funcionalidad,ux,presentacion) VALUES (2,17,14.5,16.4,11.7,17,14.8);
INSERT INTO jurado_proyectos(jurado_id, proyecto_id, innovacion,impacto,funcionalidad,ux,presentacion) VALUES (3,12,17.5,13,15.3,12.1,4.3);
INSERT INTO jurado_proyectos(jurado_id, proyecto_id, innovacion,impacto,funcionalidad,ux,presentacion) VALUES (4,19,8.3,20,9.9,3.3,14.3);
INSERT INTO jurado_proyectos(jurado_id, proyecto_id, innovacion,impacto,funcionalidad,ux,presentacion) VALUES (5,17,12.5,16,8,12.4,9);
INSERT INTO jurado_proyectos(jurado_id, proyecto_id, innovacion,impacto,funcionalidad,ux,presentacion) VALUES (6,15,12.5,14,15,17.7,15);

INSERT INTO jurado_proyectos(jurado_id, proyecto_id, innovacion,impacto,funcionalidad,ux,presentacion) VALUES (1,9,12.5,15,9.8,13,11.9);
INSERT INTO jurado_proyectos(jurado_id, proyecto_id, innovacion,impacto,funcionalidad,ux,presentacion) VALUES (5,13,12.5,16,8,2.4,19);
INSERT INTO jurado_proyectos(jurado_id, proyecto_id, innovacion,impacto,funcionalidad,ux,presentacion) VALUES (6,13,12,14,15,19,19);

INSERT INTO mini_talk(nombre,habilitado,expositor_cod_registro,descripcion,banner,link_oficial,grado_academico,institucion,telefono,foto,vistas,gestion_id) VALUES('bases de datos',true,'open123','Lorem ipsum dolor sit amet, consectetur adipiscing elit. Integer cursus mi in libero faucibus, quis pretium elit condimentum. Nam tristique eleifend rutrum.','banner1.jpg','https://www.youtube.com/embed/TLKQacsLroo','Univ.','UMSA','78978989','default-user.png',100,3);
INSERT INTO mini_talk(nombre,habilitado,expositor_cod_registro,descripcion,banner,link_oficial,grado_academico,institucion,telefono,foto,vistas,gestion_id) VALUES('machine learning',true,'open2','Lorem ipsum dolor sit amet, consectetur adipiscing elit. Integer cursus mi in libero faucibus, quis pretium elit condimentum. Nam tristique eleifend rutrum.','banner1.jpg','https://www.youtube.com/embed/TLKQacsLroo','Lic.','UMSA','78978989','default-user.png',120,3);
INSERT INTO mini_talk(nombre,habilitado,expositor_cod_registro,descripcion,banner,link_oficial,grado_academico,institucion,telefono,foto,vistas,gestion_id) VALUES('ciencia de datos',true,'open3','Lorem ipsum dolor sit amet, consectetur adipiscing elit. Integer cursus mi in libero faucibus, quis pretium elit condimentum. Nam tristique eleifend rutrum.','banner1.jpg','https://www.youtube.com/embed/TLKQacsLroo','PhD.','UMSA','78978989','default-user.png',80,3);
INSERT INTO mini_talk(nombre,habilitado,expositor_cod_registro,descripcion,banner,link_oficial,grado_academico,institucion,telefono,foto,vistas,gestion_id) VALUES('desarrollo web',true,'open3','Lorem ipsum dolor sit amet, consectetur adipiscing elit. Integer cursus mi in libero faucibus, quis pretium elit condimentum. Nam tristique eleifend rutrum.','banner1.jpg','https://www.youtube.com/embed/TLKQacsLroo','M.Sc.','UMSA','78978989','default-user.png',40,3);
INSERT INTO mini_talk(nombre,habilitado,expositor_cod_registro,descripcion,banner,link_oficial,grado_academico,institucion,telefono,foto,vistas,gestion_id) VALUES('docker',true,'open3','Lorem ipsum dolor sit amet, consectetur adipiscing elit. Integer cursus mi in libero faucibus, quis pretium elit condimentum. Nam tristique eleifend rutrum.','banner1.jpg','https://www.youtube.com/embed/TLKQacsLroo','Lic.','UMSA','78978989','default-user.png',300,3);
INSERT INTO mini_talk(nombre,habilitado,expositor_cod_registro,descripcion,banner,link_oficial,grado_academico,institucion,telefono,foto,vistas,gestion_id) VALUES('kubernetes',true,'open3','Lorem ipsum dolor sit amet, consectetur adipiscing elit. Integer cursus mi in libero faucibus, quis pretium elit condimentum. Nam tristique eleifend rutrum.','banner1.jpg','https://www.youtube.com/embed/TLKQacsLroo','Lic.','UMSA','78978989','default-user.png',140,3);
INSERT INTO mini_talk(nombre,habilitado,expositor_cod_registro,descripcion,banner,link_oficial,grado_academico,institucion,telefono,foto,vistas,gestion_id) VALUES('AWS por cloud architecture',true,'open8','Lorem ipsum dolor sit amet, consectetur adipiscing elit. Integer cursus mi in libero faucibus, quis pretium elit condimentum. Nam tristique eleifend rutrum.','banner1.jpg','https://www.youtube.com/embed/TLKQacsLroo','Lic.','UMSA','78978989','default-user.png',22,3);
INSERT INTO mini_talk(nombre,habilitado,expositor_cod_registro,descripcion,banner,link_oficial,grado_academico,institucion,telefono,foto,vistas,gestion_id) VALUES('Jakarta EE',true,'open11','Lorem ipsum dolor sit amet, consectetur adipiscing elit. Integer cursus mi in libero faucibus, quis pretium elit condimentum. Nam tristique eleifend rutrum.','banner1.jpg','https://www.youtube.com/embed/TLKQacsLroo','M.Sc.','UMSA','78978989','default-user.png',1000,3);
INSERT INTO mini_talk(nombre,habilitado,expositor_cod_registro,descripcion,banner,link_oficial,grado_academico,institucion,telefono,foto,vistas,gestion_id) VALUES('The best Open JDK for java',true,'open4','Lorem ipsum dolor sit amet, consectetur adipiscing elit. Integer cursus mi in libero faucibus, quis pretium elit condimentum. Nam tristique eleifend rutrum.','banner1.jpg','https://www.youtube.com/embed/TLKQacsLroo','Lic.','UMSA','78978989','default-user.png',83,3);
INSERT INTO mini_talk(nombre,habilitado,expositor_cod_registro,descripcion,banner,link_oficial,grado_academico,institucion,telefono,foto,vistas,gestion_id) VALUES('Django for Web',true,'open7','Lorem ipsum dolor sit amet, consectetur adipiscing elit. Integer cursus mi in libero faucibus, quis pretium elit condimentum. Nam tristique eleifend rutrum.','banner1.jpg','https://www.youtube.com/embed/TLKQacsLroo','Univ..','UMSA','78978989','default-user.png',60,3);
INSERT INTO mini_talk(nombre,habilitado,expositor_cod_registro,descripcion,banner,link_oficial,grado_academico,institucion,telefono,foto,vistas,gestion_id) VALUES('Web scraping',true,'open14','Lorem ipsum dolor sit amet, consectetur adipiscing elit. Integer cursus mi in libero faucibus, quis pretium elit condimentum. Nam tristique eleifend rutrum.','banner1.jpg','https://www.youtube.com/embed/TLKQacsLroo','Lic.','UMSA','78978989','default-user.png',120,3);
